{
  "train_loss": [
    2.9029266953468325,
    2.4615312616030374,
    2.348287550608317,
    2.2788916965325674,
    2.242913887898127,
    2.187863306204478,
    2.1495394031206767,
    2.120037641127904,
    2.1002138992150625,
    2.0883746186892194,
    2.0609948595364886,
    2.070042457183202,
    2.042489012082418,
    2.0494311094284057,
    2.0134297331174213,
    2.016517635186513,
    2.009986098607381,
    1.9865666011969247,
    1.9818322340647379,
    1.9791188697020212,
    1.9716417570908864,
    1.9840560913085938,
    1.9530235350131988,
    1.9446077684561411,
    1.9391050736109416,
    1.954279543956121,
    1.9463422258694967,
    1.9408296704292298,
    1.9325292110443115,
    1.9378481646378836,
    1.921409938732783,
    1.9183396995067596,
    1.915889463822047,
    1.917718271414439,
    1.940460165341695,
    1.9433407485485077,
    1.9128917237122853,
    1.9076273341973622,
    1.911143414179484,
    1.9031928698221843,
    1.9201993544896443,
    1.9028996348381042,
    1.8991052071253458,
    1.9270612080891927,
    1.9043604214986165,
    1.8941497325897216,
    1.90248650709788,
    1.9099311053752899,
    1.891324476401011,
    1.8965744614601134
  ],
  "train_accuracy": [
    0.7913406364110589,
    0.94679186228482,
    0.974960876369327,
    0.9817423056859677,
    0.9864371413667188,
    0.9906103286384976,
    0.9921752738654147,
    0.9906103286384976,
    0.9916536254564423,
    0.9916536254564423,
    0.9947835159102765,
    0.9921752738654147,
    0.9937402190923318,
    0.9890453834115805,
    0.9968701095461658,
    0.9963484611371936,
    0.9953051643192489,
    0.9984350547730829,
    0.9963484611371936,
    0.9947835159102765,
    0.9953051643192489,
    0.9906103286384976,
    0.9984350547730829,
    0.9973917579551382,
    0.9979134063641106,
    0.9947835159102765,
    0.9963484611371936,
    0.9979134063641106,
    0.9984350547730829,
    0.9963484611371936,
    1.0,
    1.0,
    0.9994783515910276,
    0.9973917579551382,
    0.9942618675013041,
    0.99113197704747,
    0.9973917579551382,
    0.9994783515910276,
    0.9979134063641106,
    0.9994783515910276,
    0.9963484611371936,
    0.9994783515910276,
    1.0,
    0.9958268127282212,
    0.9973917579551382,
    0.9994783515910276,
    0.9984350547730829,
    0.9942618675013041,
    0.9984350547730829,
    0.9968701095461658
  ],
  "val_loss": [
    2.549099580446879,
    2.3928130706151327,
    2.2638967275619506,
    2.245227567354838,
    2.174008671442668,
    2.333058714866638,
    2.0830233891805015,
    2.136174448331197,
    2.1313210328420005,
    2.0854645093282063,
    2.0448283433914183,
    2.069420099258423,
    2.023529362678528,
    2.05027486483256,
    2.041794530550639,
    2.013736915588379,
    2.0337134758631388,
    1.9918132940928142,
    2.070569062232971,
    1.9914750973383586,
    1.981695826848348,
    1.9833881855010986,
    1.9794695695241293,
    1.9728137095769247,
    1.95965629418691,
    1.9617170492808025,
    1.9691239595413208,
    1.965267833073934,
    1.9426508982976278,
    1.955507016181946,
    1.937856427828471,
    1.9332953850428263,
    1.9469266891479493,
    2.1057258447011313,
    1.941878898938497,
    1.9705044587453207,
    1.9811612129211427,
    1.925239896774292,
    1.9335944890975951,
    1.9246738115946451,
    1.9619554201761882,
    1.9302438418070476,
    1.9282503763834635,
    1.950254003206889,
    1.9200299342473348,
    1.923321262995402,
    1.9288933038711549,
    1.9321177403132122,
    2.0064281622568765,
    1.917034371693929
  ],
  "val_accuracy": [
    0.964509394572025,
    0.9707724425887265,
    0.9832985386221295,
    0.9853862212943633,
    0.9832985386221295,
    0.9832985386221295,
    0.9937369519832986,
    0.9853862212943633,
    0.9812108559498957,
    0.9812108559498957,
    0.9916492693110647,
    0.9791231732776617,
    0.9916492693110647,
    0.9937369519832986,
    0.9832985386221295,
    0.9958246346555324,
    0.9874739039665971,
    0.9979123173277662,
    0.9686847599164927,
    0.9916492693110647,
    0.9937369519832986,
    0.9916492693110647,
    0.9916492693110647,
    0.9937369519832986,
    0.9937369519832986,
    0.9916492693110647,
    0.9874739039665971,
    0.9937369519832986,
    0.9979123173277662,
    0.9937369519832986,
    0.9958246346555324,
    0.9979123173277662,
    0.9937369519832986,
    0.9686847599164927,
    0.9958246346555324,
    0.9979123173277662,
    0.9812108559498957,
    0.9895615866388309,
    0.9895615866388309,
    0.9937369519832986,
    0.9916492693110647,
    0.9958246346555324,
    0.9979123173277662,
    0.9916492693110647,
    0.9937369519832986,
    1.0,
    0.9958246346555324,
    0.9916492693110647,
    0.9812108559498957,
    0.9958246346555324
  ],
  "val_accuracy_normal": [
    0.8888888888888888,
    0.9401709401709402,
    1.0,
    1.0,
    1.0,
    1.0,
    1.0,
    0.9914529914529915,
    0.9829059829059829,
    1.0,
    1.0,
    1.0,
    0.9658119658119658,
    0.9829059829059829,
    0.9829059829059829,
    1.0,
    1.0,
    0.9914529914529915,
    0.8717948717948718,
    1.0,
    1.0,
    0.9914529914529915,
    1.0,
    0.9914529914529915,
    0.9829059829059829,
    1.0,
    0.9572649572649573,
    1.0,
    0.9914529914529915,
    0.9914529914529915,
    1.0,
    0.9914529914529915,
    0.9743589743589743,
    1.0,
    0.9829059829059829,
    1.0,
    1.0,
    1.0,
    0.9914529914529915,
    1.0,
    1.0,
    1.0,
    1.0,
    0.9829059829059829,
    1.0,
    1.0,
    1.0,
    1.0,
    1.0,
    0.9914529914529915
  ],
  "val_accuracy_fall": [
    0.988950276243094,
    0.9806629834254144,
    0.9779005524861878,
    0.9806629834254144,
    0.9779005524861878,
    0.9779005524861878,
    0.9917127071823204,
    0.9834254143646409,
    0.9806629834254144,
    0.9751381215469613,
    0.988950276243094,
    0.9723756906077348,
    1.0,
    0.9972375690607734,
    0.9834254143646409,
    0.994475138121547,
    0.9834254143646409,
    1.0,
    1.0,
    0.988950276243094,
    0.9917127071823204,
    0.9917127071823204,
    0.988950276243094,
    0.994475138121547,
    0.9972375690607734,
    0.988950276243094,
    0.9972375690607734,
    0.9917127071823204,
    1.0,
    0.994475138121547,
    0.994475138121547,
    1.0,
    1.0,
    0.9585635359116023,
    1.0,
    0.9972375690607734,
    0.9751381215469613,
    0.9861878453038674,
    0.988950276243094,
    0.9917127071823204,
    0.988950276243094,
    0.994475138121547,
    0.9972375690607734,
    0.994475138121547,
    0.9917127071823204,
    1.0,
    0.994475138121547,
    0.988950276243094,
    0.9751381215469613,
    0.9972375690607734
  ]
}