{
  "mean": 1.8907068967819214,
  "std": 1.6007497310638428,
  "threshold": 4.9313249588012695
}