{
  "ensemble": {
    "accuracy": 0.738,
    "precision": 0.6506849315068494,
    "recall": 0.867579908675799,
    "f1_score": 0.7436399217221135,
    "fall_detection_rate": 0.867579908675799,
    "false_alarm_rate": 0.36298932384341637,
    "confusion_matrix": [
      [
        179,
        102
      ],
      [
        29,
        190
      ]
    ]
  },
  "physics": {
    "accuracy": 0.734,
    "precision": 0.6310975609756098,
    "recall": 0.9452054794520548,
    "f1_score": 0.7568555758683729,
    "fall_detection_rate": 0.9452054794520548,
    "false_alarm_rate": 0.4306049822064057,
    "confusion_matrix": [
      [
        160,
        121
      ],
      [
        12,
        207
      ]
    ]
  },
  "temporal": {
    "accuracy": 0.486,
    "precision": 0.45,
    "recall": 0.7808219178082192,
    "f1_score": 0.5709515859766278,
    "fall_detection_rate": 0.7808219178082192,
    "false_alarm_rate": 0.7437722419928826,
    "confusion_matrix": [
      [
        72,
        209
      ],
      [
        48,
        171
      ]
    ]
  },
  "geometry": {
    "accuracy": 0.708,
    "precision": 0.7109826589595376,
    "recall": 0.5616438356164384,
    "f1_score": 0.6275510204081632,
    "fall_detection_rate": 0.5616438356164384,
    "false_alarm_rate": 0.17793594306049823,
    "confusion_matrix": [
      [
        231,
        50
      ],
      [
        96,
        123
      ]
    ]
  }
}