{
  "checkpoint": "models/checkpoints/pose_autoencoder_kaggle_finetuned.pt",
  "test_samples": 6959,
  "fall_samples": 3127,
  "no_fall_samples": 3832,
  "failed_samples": 29,
  "metrics": {
    "accuracy": 0.9581836470757292,
    "precision": 0.9577146546158812,
    "recall": 0.9488327470418932,
    "f1_score": 0.9532530120481928,
    "sensitivity": 0.9488327470418932,
    "specificity": 0.9658141962421712,
    "ppv": 0.9577146546158812,
    "npv": 0.9585599585599586,
    "roc_auc": 0.9889933490582729,
    "average_precision": 0.9878413690838381
  },
  "per_class": {
    "no_fall": {
      "precision": 0.9585599585599586,
      "recall": 0.9658141962421712,
      "f1_score": 0.9621734043936045
    },
    "fall": {
      "precision": 0.9577146546158812,
      "recall": 0.9488327470418932,
      "f1_score": 0.9532530120481928
    }
  },
  "confusion_matrix": {
    "tn": 3701,
    "fp": 131,
    "fn": 160,
    "tp": 2967
  }
}